arm,budget_db_per_channel_use,pga_empirical_robust_accuracy_lower_mean,pga_empirical_robust_accuracy_upper_mean,pga_empirical_robust_accuracy_lower_by_seed,pga_empirical_robust_accuracy_upper_by_seed
CS0,-40,0.946,0.946,2026:0.94466667;2027:0.94733333,2026:0.94466667;2027:0.94733333
CS0,-39,0.9455,0.9455,2026:0.94466667;2027:0.94633333,2026:0.94466667;2027:0.94633333
CS0,-38,0.9455,0.9455,2026:0.94466667;2027:0.94633333,2026:0.94466667;2027:0.94633333
CS0,-37,0.9455,0.9455,2026:0.94466667;2027:0.94633333,2026:0.94466667;2027:0.94633333
CS0,-36,0.9448333333333332,0.9448333333333332,2026:0.94433333;2027:0.94533333,2026:0.94433333;2027:0.94533333
CS0,-35,0.9448333333333332,0.9448333333333332,2026:0.94433333;2027:0.94533333,2026:0.94433333;2027:0.94533333
CS0,-34,0.944,0.944,2026:0.94366667;2027:0.94433333,2026:0.94366667;2027:0.94433333
CS0,-33,0.9433333333333334,0.9433333333333334,2026:0.94333333;2027:0.94333333,2026:0.94333333;2027:0.94333333
CS0,-32,0.9433333333333334,0.9433333333333334,2026:0.94333333;2027:0.94333333,2026:0.94333333;2027:0.94333333
CS0,-31,0.9421666666666666,0.9421666666666666,2026:0.94233333;2027:0.942,2026:0.94233333;2027:0.942
CS0,-30,0.942,0.942,2026:0.94233333;2027:0.94166667,2026:0.94233333;2027:0.94166667
CS0,-29,0.9413333333333332,0.9413333333333332,2026:0.94166667;2027:0.941,2026:0.94166667;2027:0.941
CS0,-28,0.9395,0.9395,2026:0.93933333;2027:0.93966667,2026:0.93933333;2027:0.93966667
CS0,-27,0.9391666666666666,0.9391666666666666,2026:0.939;2027:0.93933333,2026:0.939;2027:0.93933333
CS0,-26,0.9386666666666666,0.9386666666666666,2026:0.93866667;2027:0.93866667,2026:0.93866667;2027:0.93866667
CS0,-25,0.9360000000000002,0.9360000000000002,2026:0.93533333;2027:0.93666667,2026:0.93533333;2027:0.93666667
CS0,-24,0.9343333333333335,0.9343333333333335,2026:0.93466667;2027:0.934,2026:0.93466667;2027:0.934
CS0,-23,0.9321666666666666,0.9321666666666666,2026:0.93166667;2027:0.93266667,2026:0.93166667;2027:0.93266667
CS0,-22,0.9285000000000001,0.9285000000000001,2026:0.92766667;2027:0.92933333,2026:0.92766667;2027:0.92933333
CS0,-21,0.9266666666666667,0.9266666666666667,2026:0.925;2027:0.92833333,2026:0.925;2027:0.92833333
CS0,-20,0.9259999999999999,0.9259999999999999,2026:0.92466667;2027:0.92733333,2026:0.92466667;2027:0.92733333
CS0,-19,0.9226666666666667,0.9226666666666667,2026:0.92166667;2027:0.92366667,2026:0.92166667;2027:0.92366667
CS0,-18,0.9208333333333333,0.9208333333333333,2026:0.921;2027:0.92066667,2026:0.921;2027:0.92066667
CS0,-17,0.9161666666666667,0.9161666666666667,2026:0.916;2027:0.91633333,2026:0.916;2027:0.91633333
CS0,-16,0.9143333333333334,0.9143333333333334,2026:0.91366667;2027:0.915,2026:0.91366667;2027:0.915
CS0,-15,0.9085000000000001,0.9085000000000001,2026:0.90733333;2027:0.90966667,2026:0.90733333;2027:0.90966667
CS0,-14,0.9013333333333333,0.9013333333333333,2026:0.89966667;2027:0.903,2026:0.89966667;2027:0.903
CS0,-13,0.8931666666666667,0.8931666666666667,2026:0.89233333;2027:0.894,2026:0.89233333;2027:0.894
CS0,-12,0.8856666666666666,0.8856666666666666,2026:0.884;2027:0.88733333,2026:0.884;2027:0.88733333
CS0,-11,0.8736666666666667,0.8736666666666667,2026:0.87;2027:0.87733333,2026:0.87;2027:0.87733333
CS0,-10,0.8613333333333333,0.8613333333333333,2026:0.85866667;2027:0.864,2026:0.85866667;2027:0.864
CS0,-9,0.8386666666666667,0.8386666666666667,2026:0.83933333;2027:0.838,2026:0.83933333;2027:0.838
CS0,-8,0.8133333333333332,0.8133333333333332,2026:0.81133333;2027:0.81533333,2026:0.81133333;2027:0.81533333
CS0,-7,0.7801666666666668,0.7801666666666668,2026:0.78033333;2027:0.78,2026:0.78033333;2027:0.78
CS0,-6,0.7058333333333333,0.7058333333333333,2026:0.69366667;2027:0.718,2026:0.69366667;2027:0.718
CS0,-5,0.5435000000000001,0.5435000000000001,2026:0.52266667;2027:0.56433333,2026:0.52266667;2027:0.56433333
CS0,-4,0.3165,0.3165,2026:0.28766667;2027:0.34533333,2026:0.28766667;2027:0.34533333
CS0,-3,0.13933333333333334,0.13933333333333334,2026:0.11466667;2027:0.164,2026:0.11466667;2027:0.164
CS0,-2,0.020166666666666666,0.020166666666666666,2026:0.016;2027:0.024333333,2026:0.016;2027:0.024333333
CS0,-1,0.0,0.0,2026:0;2027:0,2026:0;2027:0
CS0,0,0.0,0.0,2026:0;2027:0,2026:0;2027:0
CSJ,-40,0.929,0.929,2026:0.927;2027:0.931,2026:0.927;2027:0.931
CSJ,-39,0.9281666666666668,0.9281666666666668,2026:0.92666667;2027:0.92966667,2026:0.92666667;2027:0.92966667
CSJ,-38,0.9281666666666668,0.9281666666666668,2026:0.92666667;2027:0.92966667,2026:0.92666667;2027:0.92966667
CSJ,-37,0.9281666666666668,0.9281666666666668,2026:0.92666667;2027:0.92966667,2026:0.92666667;2027:0.92966667
CSJ,-36,0.9271666666666667,0.9271666666666667,2026:0.926;2027:0.92833333,2026:0.926;2027:0.92833333
CSJ,-35,0.9271666666666667,0.9271666666666667,2026:0.926;2027:0.92833333,2026:0.926;2027:0.92833333
CSJ,-34,0.9266666666666666,0.9266666666666666,2026:0.925;2027:0.92833333,2026:0.925;2027:0.92833333
CSJ,-33,0.9263333333333333,0.9263333333333333,2026:0.92466667;2027:0.928,2026:0.92466667;2027:0.928
CSJ,-32,0.9263333333333333,0.9263333333333333,2026:0.92466667;2027:0.928,2026:0.92466667;2027:0.928
CSJ,-31,0.9259999999999999,0.9259999999999999,2026:0.92466667;2027:0.92733333,2026:0.92466667;2027:0.92733333
CSJ,-30,0.9256666666666666,0.9256666666666666,2026:0.92466667;2027:0.92666667,2026:0.92466667;2027:0.92666667
CSJ,-29,0.9253333333333333,0.9253333333333333,2026:0.92433333;2027:0.92633333,2026:0.92433333;2027:0.92633333
CSJ,-28,0.9231666666666667,0.9231666666666667,2026:0.92233333;2027:0.924,2026:0.92233333;2027:0.924
CSJ,-27,0.923,0.923,2026:0.92233333;2027:0.92366667,2026:0.92233333;2027:0.92366667
CSJ,-26,0.9218333333333335,0.9218333333333335,2026:0.92066667;2027:0.923,2026:0.92066667;2027:0.923
CSJ,-25,0.9201666666666668,0.9201666666666668,2026:0.919;2027:0.92133333,2026:0.919;2027:0.92133333
CSJ,-24,0.9193333333333333,0.9193333333333333,2026:0.918;2027:0.92066667,2026:0.918;2027:0.92066667
CSJ,-23,0.9183333333333332,0.9183333333333332,2026:0.91733333;2027:0.91933333,2026:0.91733333;2027:0.91933333
CSJ,-22,0.9176666666666666,0.9176666666666666,2026:0.916;2027:0.91933333,2026:0.916;2027:0.91933333
CSJ,-21,0.9176666666666666,0.9176666666666666,2026:0.916;2027:0.91933333,2026:0.916;2027:0.91933333
CSJ,-20,0.9171666666666667,0.9171666666666667,2026:0.91566667;2027:0.91866667,2026:0.91566667;2027:0.91866667
CSJ,-19,0.915,0.915,2026:0.91366667;2027:0.91633333,2026:0.91366667;2027:0.91633333
CSJ,-18,0.9135000000000002,0.9135000000000002,2026:0.91266667;2027:0.91433333,2026:0.91266667;2027:0.91433333
CSJ,-17,0.9108333333333334,0.9108333333333334,2026:0.91033333;2027:0.91133333,2026:0.91033333;2027:0.91133333
CSJ,-16,0.9075,0.9075,2026:0.90766667;2027:0.90733333,2026:0.90766667;2027:0.90733333
CSJ,-15,0.9051666666666668,0.9051666666666668,2026:0.90566667;2027:0.90466667,2026:0.90566667;2027:0.90466667
CSJ,-14,0.902,0.902,2026:0.902;2027:0.902,2026:0.902;2027:0.902
CSJ,-13,0.8998333333333333,0.8998333333333333,2026:0.9;2027:0.89966667,2026:0.9;2027:0.89966667
CSJ,-12,0.8963333333333332,0.8963333333333332,2026:0.897;2027:0.89566667,2026:0.897;2027:0.89566667
CSJ,-11,0.8901666666666668,0.8901666666666668,2026:0.88966667;2027:0.89066667,2026:0.88966667;2027:0.89066667
CSJ,-10,0.8818333333333332,0.8818333333333332,2026:0.87866667;2027:0.885,2026:0.87866667;2027:0.885
CSJ,-9,0.8733333333333334,0.8733333333333334,2026:0.86966667;2027:0.877,2026:0.86966667;2027:0.877
CSJ,-8,0.865,0.865,2026:0.86233333;2027:0.86766667,2026:0.86233333;2027:0.86766667
CSJ,-7,0.8519999999999999,0.8519999999999999,2026:0.85233333;2027:0.85166667,2026:0.85233333;2027:0.85166667
CSJ,-6,0.8373333333333333,0.8373333333333333,2026:0.839;2027:0.83566667,2026:0.839;2027:0.83566667
CSJ,-5,0.8145,0.8145,2026:0.816;2027:0.813,2026:0.816;2027:0.813
CSJ,-4,0.766,0.766,2026:0.77066667;2027:0.76133333,2026:0.77066667;2027:0.76133333
CSJ,-3,0.6719999999999999,0.6719999999999999,2026:0.68133333;2027:0.66266667,2026:0.68133333;2027:0.66266667
CSJ,-2,0.503,0.503,2026:0.50666667;2027:0.49933333,2026:0.50666667;2027:0.49933333
CSJ,-1,0.101,0.101,2026:0.095666667;2027:0.10633333,2026:0.095666667;2027:0.10633333
CSJ,0,0.0025,0.0025,2026:0.0033333333;2027:0.0016666667,2026:0.0033333333;2027:0.0016666667
