epoch,train_mse,validation_mse,validation_snr_db,elapsed_seconds
1,0.055609867160320285,0.03216747696399689,10.0,5.500911235809326
2,0.02277486572265625,0.01871356100142002,10.0,10.244140863418579
3,0.0171001427680254,0.01571135851740837,10.0,14.880767583847046
4,0.014436271123290063,0.012536099526286126,10.0,19.548040628433228
5,0.011627447835505008,0.010721901938319206,10.0,24.369580507278442
6,0.01035405826151371,0.009916765747964382,10.0,29.006609439849854
7,0.009582410521507264,0.009202172249555588,10.0,33.64461159706116
8,0.009014100346565246,0.009502418866753579,10.0,38.257755517959595
9,0.008624648119807243,0.00862984395623207,10.0,42.946391344070435
10,0.008241986979544163,0.00815205830335617,10.0,47.61591029167175
11,0.007975532597601413,0.007745174935460091,10.0,52.36050748825073
12,0.00770878799200058,0.007497559127211571,10.0,57.19958138465881
13,0.007483121723681688,0.007544497980177403,10.0,61.89897322654724
14,0.007337607624232769,0.007349369730055332,10.0,66.71447515487671
15,0.007139203734099865,0.007062062147259712,10.0,71.45524859428406
16,0.006969827156066894,0.006791208343952894,10.0,76.90606379508972
17,0.006950931825339794,0.006679851127415895,10.0,83.20472526550293
18,0.006682835012674332,0.006578286950290203,10.0,88.32013702392578
19,0.006587677070945501,0.006478363686800003,10.0,93.58806824684143
20,0.006463128111213446,0.006448700766265392,10.0,98.89060735702515
21,0.006395010916739702,0.006251116502285004,10.0,103.9938542842865
22,0.006267073811590671,0.006146541078388691,10.0,109.19966101646423
23,0.006222483924031258,0.0061466577865183355,10.0,114.98314690589905
24,0.0060995465005934234,0.0059850921139121055,10.0,121.61418771743774
25,0.006055502007752657,0.006011775366961956,10.0,128.0796275138855
26,0.0059597347913682465,0.0060425446853041645,10.0,134.89741277694702
27,0.005895501336008311,0.005823479335010052,10.0,141.20886373519897
28,0.005839471312910318,0.005912686528265476,10.0,146.6015453338623
29,0.005818684397190809,0.005683143497258424,10.0,152.31075835227966
30,0.0056818617753684525,0.005615710633248091,10.0,159.19971203804016
31,0.005656734387874603,0.0055899852193892,10.0,166.09452533721924
32,0.005654937489777803,0.005482992086559534,10.0,172.8463840484619
33,0.005574646301418543,0.005474770669639111,10.0,179.32686734199524
34,0.005502213699072599,0.005584075130522251,10.0,185.95558786392212
35,0.005455656283050775,0.005360076722502709,10.0,191.53314304351807
36,0.0053848941320180895,0.005358190321922302,10.0,196.93900632858276
37,0.0052422910767793655,0.005150719112157822,10.0,204.4345362186432
38,0.005193884379118681,0.0052005055412650105,10.0,211.73146080970764
39,0.005145077205151319,0.00505822689011693,10.0,218.86566495895386
40,0.005051196143329144,0.005076166598498821,10.0,226.61344361305237
41,0.005035019378215075,0.004900805225968361,10.0,232.93043518066406
42,0.0049476140096783635,0.0048804766550660135,10.0,238.40988111495972
43,0.0049073299434781075,0.004883973947167396,10.0,245.450665473938
44,0.00486324492931366,0.004967783008515835,10.0,252.9630470275879
45,0.00484821390479803,0.004887779060751199,10.0,260.46720695495605
46,0.004801674153059721,0.004738291819393635,10.0,268.3857765197754
47,0.004745990301072598,0.004694166065752506,10.0,275.81479144096375
48,0.004781945661157369,0.004653269009292126,10.0,283.2156493663788
49,0.004665038859248161,0.004619364138692617,10.0,290.65340995788574
50,0.004682797142267227,0.004752646505832672,10.0,298.35900378227234
51,0.0046831974048912525,0.004614008397608995,10.0,306.0062448978424
52,0.0046048543073236945,0.004521163181960583,10.0,313.64646077156067
53,0.0045752502408623694,0.004552893128991127,10.0,321.27114367485046
54,0.004555666000694037,0.004516609011590481,10.0,329.0599911212921
55,0.004541632941067218,0.0044524606093764305,10.0,336.6201856136322
56,0.00449910290107131,0.004558209511637688,10.0,344.45293378829956
57,0.004542761188745499,0.00449865038767457,10.0,352.10047221183777
58,0.004473781916052103,0.004389205438643694,10.0,359.7682931423187
59,0.004483223530948162,0.004391888567060232,10.0,367.4967453479767
60,0.004448284330964089,0.004383933188021183,10.0,375.35561299324036
61,0.004421013099253177,0.00435139717310667,10.0,382.97766280174255
62,0.00441890684813261,0.004351940689980984,10.0,390.57187056541443
63,0.004355921133607626,0.0043491261169314385,10.0,398.21555185317993
64,0.004374272693842649,0.004285682226717472,10.0,405.87964606285095
65,0.00437757490426302,0.004278994922339917,10.0,413.7884302139282
66,0.004352455483078957,0.004501399960368872,10.0,421.88493752479553
67,0.004299355842024088,0.004314177742600441,10.0,429.52596616744995
68,0.004298599561750889,0.004287370104342699,10.0,438.38561606407166
69,0.004315176793932915,0.0043401497557759286,10.0,446.6686227321625
70,0.00427561769336462,0.004424271024763584,10.0,454.8283636569977
71,0.004263645754158497,0.004301890283823013,10.0,462.52493119239807
72,0.004242913710176945,0.004198190371692181,10.0,470.3678834438324
73,0.0042128659790754315,0.004773573766648769,10.0,478.05590200424194
74,0.004257043212503195,0.004183131804317236,10.0,485.98876190185547
75,0.004181422393918038,0.0041425624437630175,10.0,494.07142186164856
76,0.004184058997929096,0.004095813973248005,10.0,502.0432620048523
77,0.0042074702763557435,0.004102360435575247,10.0,510.3506076335907
78,0.004142287570238113,0.004090199304372072,10.0,518.0176057815552
79,0.004161463542729616,0.004066412016749382,10.0,526.0262951850891
80,0.004127773435860872,0.0040516683280467985,10.0,533.9517307281494
81,0.004117812667042017,0.004095170725136995,10.0,541.7638530731201
82,0.004110679793506861,0.004054157032072544,10.0,549.7049593925476
83,0.004070655474960804,0.004411279798299074,10.0,556.4999129772186
84,0.004057438095360994,0.004028020420670509,10.0,564.1644394397736
85,0.0040410598491132255,0.004019109782576561,10.0,571.5337972640991
86,0.004008109050393105,0.003951649462431669,10.0,579.2831063270569
87,0.003981836918741465,0.00397768282070756,10.0,586.2689790725708
88,0.0039888667334616185,0.0038912105843424798,10.0,593.4535322189331
89,0.003986906174793839,0.003899276752024889,10.0,602.6551246643066
90,0.003950442018210888,0.0038701059609651564,10.0,609.8931941986084
91,0.003929746818393469,0.0040224706783890726,10.0,616.6231076717377
92,0.003913639221489429,0.0042201601408422,10.0,622.9996056556702
93,0.0039025690372288227,0.003906297168880701,10.0,629.4897530078888
94,0.0038808146608620884,0.0038182927049696443,10.0,635.6861927509308
95,0.0038966186774522064,0.0038481307551264765,10.0,641.7884492874146
96,0.0038426813319325445,0.0038476294502615927,10.0,647.9579973220825
97,0.0038689504493772983,0.003767394000291824,10.0,654.0621500015259
98,0.0038279358318448068,0.003885497680306435,10.0,662.1304044723511
99,0.0038262987737357618,0.003808013792335987,10.0,670.4658870697021
100,0.003833212197497487,0.0038628950849175455,10.0,678.5213797092438
101,0.003788745331019163,0.0037396490275859832,10.0,684.7622039318085
102,0.0038083615132421256,0.003962584269046783,10.0,691.2518796920776
103,0.0037698994252830745,0.00372949103936553,10.0,697.655764579773
104,0.0038145678916573526,0.0037010515227913856,10.0,703.8875997066498
105,0.003743236363902688,0.0037701775543391705,10.0,710.1114161014557
106,0.0037423911694437267,0.0036851673033088447,10.0,716.5916149616241
107,0.003712691457644105,0.0038555323094129563,10.0,724.3388438224792
108,0.003734524375125766,0.003795222935080528,10.0,731.0258796215057
109,0.0037442002277076245,0.003915582049638033,10.0,737.348904132843
110,0.003714664423391223,0.0037853153623640537,10.0,743.6398918628693
111,0.0036947166203707455,0.003642678365111351,10.0,749.9587881565094
112,0.0036933756434172392,0.0036764839727431537,10.0,756.5509374141693
113,0.0036791143909096716,0.003855009585618973,10.0,762.977944612503
114,0.003675462449491024,0.0036638831801712513,10.0,769.4008142948151
115,0.0036576685275882485,0.0036771274257451298,10.0,775.8122882843018
116,0.003643309359177947,0.003691019691154361,10.0,782.1102879047394
117,0.0036839521941542624,0.003745786027237773,10.0,788.4364502429962
118,0.003617958729714155,0.0036183838721364735,10.0,794.7418527603149
119,0.0036565098705142736,0.0036609636064618826,10.0,800.8751208782196
120,0.003609862325564027,0.0035691586650907995,10.0,807.2332026958466
121,0.003629867792725563,0.0035869173929095268,10.0,812.854896068573
122,0.003607361276075244,0.003570929582044482,10.0,818.6239323616028
123,0.003606545075699687,0.003671661114692688,10.0,824.748407125473
124,0.003575448070541024,0.0036002295501530173,10.0,831.175229549408
125,0.0035863486213237048,0.003570862083137035,10.0,837.3882730007172
126,0.0035874055854976175,0.003548837424814701,10.0,843.5787284374237
127,0.0035673182854056356,0.003505081821233034,10.0,849.9418506622314
128,0.003560008792504668,0.003596823889017105,10.0,856.2801530361176
129,0.003570497204065323,0.003557616771385074,10.0,861.2965822219849
130,0.0035381441646814347,0.0034879216440021994,10.0,866.6341559886932
131,0.0035535028649121524,0.0035727409858256577,10.0,872.818690776825
132,0.0035326674019545315,0.0034727911096066235,10.0,879.0269861221313
133,0.003511093175038695,0.0034876920618116857,10.0,885.3917245864868
134,0.003538480574339628,0.00346328149586916,10.0,891.606235742569
135,0.003512884442433715,0.0034741037748754026,10.0,898.383987903595
136,0.003500015993192792,0.0035190533079206944,10.0,904.6164808273315
137,0.0035109932886064053,0.0034645648788660765,10.0,911.5011146068573
138,0.0034865432217717172,0.0034326499350368976,10.0,917.3009629249573
139,0.0034742596986144783,0.0035042422465980053,10.0,922.8352560997009
140,0.0035019729888439177,0.003482681179791689,10.0,928.1145889759064
141,0.003459510888233781,0.003432878652587533,10.0,934.0099909305573
142,0.0035636860794574024,0.003584607622027397,10.0,940.2359697818756
143,0.0034629778794944286,0.003406692923605442,10.0,946.3538210391998
144,0.0034605217460542915,0.0034429342314600945,10.0,952.737790107727
145,0.003434045080021024,0.0034569893926382064,10.0,959.2646291255951
146,0.0034377895122021437,0.0034069211557507515,10.0,965.5149056911469
147,0.003442295326292515,0.0034509267900139093,10.0,972.4039664268494
148,0.0034412749200314285,0.0034318159513175486,10.0,978.7266788482666
149,0.003420120116993785,0.0033618146192282436,10.0,985.0067863464355
150,0.0034317966343462465,0.003370759243518114,10.0,991.5385360717773
151,0.003402432606741786,0.003354189746454358,10.0,997.848646402359
152,0.003437639961838722,0.0034539000302553175,10.0,1004.231467962265
153,0.003393827439323068,0.0034670371014624835,10.0,1011.0007925033569
154,0.0034191259045898916,0.0033771020963788033,10.0,1018.2651743888855
155,0.003383052343800664,0.0033626866720616816,10.0,1025.4640538692474
156,0.003386981819793582,0.0033119048342108728,10.0,1032.0408096313477
157,0.003381411491855979,0.003336463136225939,10.0,1038.5986592769623
158,0.0033789470344781874,0.00335548414811492,10.0,1044.9208147525787
159,0.003356460879966617,0.003470271982252598,10.0,1051.3776042461395
160,0.003409764983803034,0.0035722360901534558,10.0,1057.3862574100494
161,0.003372093728557229,0.003308392095938325,10.0,1063.6521809101105
162,0.0033384045764803887,0.0033451757553964855,10.0,1069.757905960083
163,0.003363726936504245,0.0033192430462688207,10.0,1076.0467884540558
164,0.0033485819184035062,0.0032884093657135965,10.0,1083.079261302948
165,0.0033523887191712854,0.003364764201641083,10.0,1089.36035323143
166,0.0033186668883264064,0.003315548265725374,10.0,1095.6392076015472
167,0.003341558521166444,0.003315282829850912,10.0,1101.8310482501984
168,0.003319801129475236,0.00338646637648344,10.0,1108.0492315292358
169,0.003324742821455002,0.0032903815768659116,10.0,1114.327985048294
170,0.0033177661461383104,0.003329401786625385,10.0,1120.4507384300232
171,0.0033338141766935587,0.0034129086051136255,10.0,1126.5800461769104
172,0.003299050983637571,0.00334180438965559,10.0,1133.1550135612488
173,0.0033059418437629937,0.0033197094079107045,10.0,1139.1887719631195
174,0.0033131161008030175,0.003306939747929573,10.0,1145.1945824623108
175,0.003284009223729372,0.0032339981105178593,10.0,1151.5878283977509
176,0.0032894853141158817,0.003306621977686882,10.0,1157.6167287826538
177,0.0032835440170764923,0.0032829030852764844,10.0,1163.7568485736847
178,0.0033052706618607046,0.003234583680331707,10.0,1169.9340138435364
179,0.0032799748884141445,0.003353699580952525,10.0,1176.2680759429932
180,0.0032784201484918596,0.003281967455893755,10.0,1182.3095574378967
181,0.00326236262999475,0.003308664884418249,10.0,1188.8401229381561
182,0.003263583388403058,0.0032728544622659685,10.0,1195.370786190033
183,0.003269103721380234,0.0032612580962479115,10.0,1201.7524235248566
184,0.0032610572484135627,0.0032732274301350115,10.0,1208.3191833496094
185,0.003253558374196291,0.003273081625252962,10.0,1215.2687501907349
186,0.0032494068115204574,0.003198046190291643,10.0,1221.819412469864
187,0.003247478910088539,0.0032282372899353506,10.0,1228.6865026950836
188,0.0032499439148604868,0.003227522162720561,10.0,1235.0917863845825
189,0.0032356742745637893,0.0032352294147014616,10.0,1241.2932569980621
190,0.003233002667799592,0.00317277098223567,10.0,1247.6775341033936
191,0.0032381585677713157,0.0031838532008230686,10.0,1254.193389415741
192,0.003225543220937252,0.003204917587339878,10.0,1260.9968144893646
193,0.003246646344363689,0.0031593648865818977,10.0,1267.470558643341
194,0.0032088641612231733,0.0031816066682338715,10.0,1273.9734234809875
195,0.0032001294804364444,0.0031498583748936653,10.0,1280.4249081611633
196,0.0032223184706270695,0.003201917814463377,10.0,1286.8140704631805
197,0.0032043916388601063,0.0031394647367298605,10.0,1293.2550354003906
198,0.0032022543254494667,0.003256411001458764,10.0,1299.7186057567596
199,0.003196994622796774,0.0031469816505908968,10.0,1306.144378900528
200,0.0031866812966763972,0.0031598688196390868,10.0,1312.6588063240051
201,0.0031943530253320932,0.0031525902651250363,10.0,1319.366849899292
202,0.0032004787883907555,0.00315985990986228,10.0,1325.782883644104
203,0.003182153087630868,0.00325346605591476,10.0,1332.1593172550201
204,0.003194272289648652,0.00316859408095479,10.0,1338.5395512580872
205,0.003172738803476095,0.0031163509730249644,10.0,1344.788533449173
206,0.0031894976445287467,0.00314717038795352,10.0,1351.0487368106842
207,0.003144016684219241,0.003158389655128121,10.0,1357.6427116394043
208,0.0031702764381468297,0.0032219209112226963,10.0,1364.404500246048
209,0.003146617839485407,0.003089303570985794,10.0,1370.8737211227417
210,0.003146098040342331,0.0031841574035584926,10.0,1377.1143815517426
211,0.0031571807476878165,0.0031530241362750532,10.0,1383.2718124389648
212,0.003139162483215332,0.0030754192262887957,10.0,1389.394668340683
213,0.0031320367590337993,0.0031560970183461905,10.0,1395.6250174045563
214,0.0031316180367022754,0.003130721978843212,10.0,1401.7497346401215
215,0.0031353771345317364,0.0031213356334716083,10.0,1407.9315996170044
216,0.0031042315166443586,0.003146050116047263,10.0,1414.0623519420624
217,0.003130108030065894,0.003092421676963568,10.0,1420.2990698814392
218,0.003125029813423753,0.0031168647557497024,10.0,1426.4744720458984
219,0.003101803456917405,0.003187108526751399,10.0,1432.630142211914
220,0.003099281492456794,0.0030371138893067837,10.0,1438.6954698562622
221,0.003096148550286889,0.003127562476694584,10.0,1444.7565922737122
222,0.0030894886371493338,0.0030619772028177977,10.0,1450.7850091457367
223,0.003060010723993182,0.0030887076407670974,10.0,1456.8226120471954
224,0.003088987150043249,0.003080850403010845,10.0,1462.9907703399658
225,0.0030755663948506115,0.003085097633674741,10.0,1469.1171517372131
226,0.003052493392750621,0.0030067543350160123,10.0,1475.2429828643799
227,0.003073605564981699,0.0030317120641469956,10.0,1481.327464580536
228,0.003039497931152582,0.002996524041891098,10.0,1487.3455963134766
229,0.0030801208575814963,0.0030181429125368596,10.0,1493.3998339176178
230,0.0030509962731599806,0.0029698733069002626,10.0,1499.5067472457886
231,0.0030282970280945303,0.0030440667606890202,10.0,1505.5791969299316
232,0.0030262866432219744,0.002975257121399045,10.0,1511.7018992900848
233,0.003024856624081731,0.003024028094112873,10.0,1517.7430610656738
234,0.0030353972978144884,0.0030009455647319557,10.0,1523.7089354991913
235,0.0030024733778834345,0.0030464016810059545,10.0,1529.8297686576843
236,0.00301410721629858,0.002992995701730251,10.0,1535.9588820934296
237,0.003012325839474797,0.0030222895398736,10.0,1542.0100493431091
238,0.003016693746075034,0.0029653875634074213,10.0,1548.0431139469147
239,0.0029978227207809686,0.002969280117750168,10.0,1554.1807010173798
240,0.002999447940438986,0.002967325257509947,10.0,1560.3911759853363
241,0.002986202352270484,0.0029679315015673636,10.0,1566.4317836761475
242,0.0029905758430063723,0.002976225271821022,10.0,1572.6013717651367
243,0.002981851043701172,0.0029436483409255743,10.0,1578.6688215732574
244,0.00300321759827435,0.002997071658819914,10.0,1584.773722410202
245,0.0029754835937172174,0.0029600228868424893,10.0,1590.870980501175
246,0.0029856485100090502,0.002984985521435738,10.0,1597.0231323242188
247,0.0029557070802152157,0.00340324668623507,10.0,1603.1037113666534
248,0.0029908467488735913,0.0029498928286135198,10.0,1609.2184703350067
249,0.0030026372087001802,0.0029830996576696634,10.0,1615.3776168823242
250,0.0029563114683330057,0.0029118803925812244,10.0,1621.4585366249084
251,0.0029463156711310146,0.0029966180611401797,10.0,1627.5333647727966
252,0.002961053931862116,0.002927271766960621,10.0,1633.6263601779938
253,0.0029458765910565852,0.0028981594011187554,10.0,1639.646518945694
254,0.002953492010459304,0.002966375220939517,10.0,1645.7208256721497
255,0.002952211429104209,0.002916519535332918,10.0,1651.9552717208862
256,0.0029422951855510473,0.003041900205612183,10.0,1658.0258033275604
257,0.0029439037511497738,0.0028979124337434768,10.0,1664.1004855632782
258,0.0029381783007830383,0.0029593940448015927,10.0,1670.2522871494293
259,0.002947247645929456,0.002919123500585556,10.0,1676.3738760948181
260,0.0029303185412287713,0.0028739812318235637,10.0,1682.461852312088
261,0.0029328407503664495,0.0028929513424634933,10.0,1688.5869164466858
262,0.0029243406146764756,0.0028987886920571328,10.0,1694.717987537384
263,0.0029321426968276503,0.0028928428649902345,10.0,1700.926566362381
264,0.0029195804725587367,0.00294287347830832,10.0,1707.0663566589355
265,0.0029089947298169137,0.002901793960481882,10.0,1713.2200524806976
266,0.0029430463214963677,0.0029318762555718423,10.0,1719.264066696167
267,0.002920857846289873,0.0029865055456757546,10.0,1725.3415880203247
268,0.0029122232639789583,0.0029052757792174815,10.0,1731.3747162818909
269,0.002898286477997899,0.003096913865953684,10.0,1737.391616344452
270,0.0029080784537643192,0.002921469861268997,10.0,1743.4227967262268
271,0.0029401880674064158,0.0028799960382282735,10.0,1749.5093677043915
272,0.0028993772850185633,0.0030525726694613695,10.0,1755.568870306015
273,0.0028950565453618763,0.0028676963616162537,10.0,1761.7579216957092
274,0.002901210056915879,0.00289875107742846,10.0,1767.8534870147705
275,0.002907805188447237,0.003074231725931168,10.0,1773.9666216373444
276,0.0028988461937755347,0.002841724994033575,10.0,1780.0799984931946
277,0.0028910307190567253,0.0028472302574664354,10.0,1786.195506811142
278,0.002899353385567665,0.0028390195578336715,10.0,1792.4351251125336
279,0.0028826548052579165,0.0029226294577121737,10.0,1798.5350058078766
280,0.0028989161229878665,0.0029953251831233503,10.0,1804.6143069267273
281,0.002886152757257223,0.0029059477139264343,10.0,1810.7318863868713
282,0.0028771130146831273,0.00299666491150856,10.0,1816.7475473880768
283,0.0029129601041227578,0.0029767887689173224,10.0,1822.7852203845978
284,0.0028682466186583043,0.0028464476093649866,10.0,1828.8645174503326
285,0.0029237440842390062,0.002903533897548914,10.0,1834.992355108261
286,0.0028623199121654034,0.002836877927929163,10.0,1841.150640487671
287,0.0028727995800226927,0.0028332590367645023,10.0,1847.1088135242462
288,0.0028802622970193624,0.0028562544383108615,10.0,1853.1600179672241
289,0.002865756486207247,0.002827577654644847,10.0,1859.2586679458618
290,0.0028641481114923956,0.0028660244680941104,10.0,1865.3702762126923
291,0.002862634694725275,0.0028301858954131605,10.0,1871.4174964427948
292,0.0028912598960101604,0.0029722555495798587,10.0,1877.4814558029175
293,0.0028593074793368577,0.002833473502844572,10.0,1883.68328166008
294,0.0028514568327367307,0.00281028328537941,10.0,1889.841416835785
295,0.002868336921483278,0.002949603645503521,10.0,1895.897699356079
296,0.002853585026189685,0.002814014955610037,10.0,1901.9713728427887
297,0.002849903916195035,0.0028225289795547723,10.0,1908.03218126297
298,0.002853905152454972,0.002802335213124752,10.0,1914.1235191822052
299,0.002857952978089452,0.0028360051535069944,10.0,1920.1573386192322
300,0.0028560408325493335,0.0028402005422860383,10.0,1926.1588644981384
301,0.0028423797626048325,0.0028277186248451473,10.0,1932.3662943840027
302,0.0028480103474855423,0.0028281327545642853,10.0,1938.4334590435028
303,0.002866773716583848,0.0027987237941473724,10.0,1944.4664494991302
304,0.002856874597147107,0.0028608706891536714,10.0,1950.4867460727692
305,0.0028311091772466896,0.0028113262951374052,10.0,1956.456687450409
306,0.0028527666652202605,0.002817685628682375,10.0,1962.5413722991943
307,0.002844899572953582,0.0027975026395171882,10.0,1968.6249957084656
308,0.002839716312587261,0.002808776203542948,10.0,1974.8064606189728
309,0.0028218748585134745,0.0028626906383782623,10.0,1980.9431664943695
310,0.0028374770461022853,0.0028135197497904303,10.0,1987.0255019664764
311,0.002832083838135004,0.00283205930441618,10.0,1993.1398921012878
312,0.0028273505149036646,0.002780053436756134,10.0,1999.2232158184052
313,0.002840274068489671,0.0027927287988364696,10.0,2005.3125240802765
314,0.002843259440138936,0.002811994847655296,10.0,2011.390162229538
315,0.0028174028311669826,0.0028014258485287427,10.0,2017.567092180252
316,0.0028252155623584986,0.0028126096457242967,10.0,2023.7346348762512
317,0.002815903314054012,0.0028059798527508974,10.0,2029.9367349147797
318,0.002817709531933069,0.0028171219669282438,10.0,2036.0765030384064
319,0.0028216723388433456,0.0028160638213157656,10.0,2042.157327413559
320,0.002822528180330992,0.00279250758215785,10.0,2048.215035676956
321,0.002822771943807602,0.002808094573020935,10.0,2054.3193106651306
322,0.0028053844268620012,0.0027914713863283398,10.0,2060.4251852035522
323,0.0028202489471435546,0.0027639154218137263,10.0,2066.4410655498505
324,0.002801012689769268,0.0027797047920525074,10.0,2072.5205755233765
325,0.002822391645908356,0.0028167860332876443,10.0,2078.528521299362
326,0.0028145724612474443,0.0029664189793169498,10.0,2084.5892577171326
327,0.002800697176232934,0.0028034512050449847,10.0,2090.648515224457
328,0.0028142385218292475,0.0027758271925151347,10.0,2096.80970287323
329,0.0027992825367301705,0.0027773725502192974,10.0,2102.8781316280365
330,0.002837254314273596,0.0028643772732466458,10.0,2108.9996128082275
331,0.0027911387920379637,0.002776668054610491,10.0,2115.1394276618958
332,0.0027878539319336412,0.002787428394705057,10.0,2121.2109332084656
333,0.002818923122882843,0.002851167895272374,10.0,2127.374763250351
334,0.002786982387006283,0.0029037706837058068,10.0,2133.3842220306396
335,0.002787506002634764,0.0028575218610465527,10.0,2139.4466276168823
336,0.0028080099979043006,0.0027641225703060627,10.0,2145.476327896118
337,0.002779505588412285,0.0027535131987184284,10.0,2151.562426328659
338,0.0027840711921453478,0.0029308665100485085,10.0,2157.6572444438934
339,0.002792908463701606,0.002807361491769552,10.0,2163.900020122528
340,0.002784991159811616,0.00276096131503582,10.0,2170.016174554825
341,0.00278829857327044,0.002769232862070203,10.0,2176.161076068878
342,0.0027971633722633123,0.0028281507816165685,10.0,2182.242356300354
343,0.002779760519191623,0.002782450482621789,10.0,2188.3857278823853
344,0.0027818510181456804,0.0027624720305204392,10.0,2194.477595090866
345,0.0027814082454144956,0.0027541771896183492,10.0,2200.5982456207275
346,0.0027918668849766255,0.0027360578220337627,10.0,2206.7725100517273
347,0.0027834776848554613,0.002953285641223192,10.0,2212.8127269744873
348,0.0027700042393803597,0.0027378550011664627,10.0,2218.886354446411
349,0.002772536884024739,0.0027510901611298324,10.0,2224.9448454380035
350,0.0027835557617247103,0.0027650193735957148,10.0,2231.012042760849
351,0.002757788161635399,0.0027579909067600964,10.0,2237.0863692760468
352,0.0027919827722758055,0.0027490838568657635,10.0,2243.109798669815
353,0.002763598517552018,0.002718410884588957,10.0,2249.2091517448425
354,0.002770702276676893,0.0027301063753664492,10.0,2255.339942216873
355,0.002756760747730732,0.002774034371227026,10.0,2261.4054896831512
356,0.0027984144929796458,0.002730580446869135,10.0,2267.5849826335907
357,0.0027691962622106076,0.0027271849613636732,10.0,2273.608919620514
358,0.0027586280493438245,0.0027568053785711525,10.0,2279.7017257213593
359,0.0027622324066609145,0.002835876528173685,10.0,2285.717122554779
360,0.002767353650927544,0.0027287484757602216,10.0,2291.822690963745
361,0.0027625570558011533,0.002745832147821784,10.0,2297.9489438533783
362,0.002761307806149125,0.002718562541902065,10.0,2304.1311881542206
363,0.0027582506315410138,0.002705089359357953,10.0,2310.270759344101
364,0.0027747306437045337,0.0027598574221134185,10.0,2316.3895995616913
365,0.0027555045007169247,0.002777530899643898,10.0,2322.538473844528
366,0.0027572729994356634,0.00272016361579299,10.0,2328.6600654125214
367,0.0027518128401041032,0.002723407853394747,10.0,2334.7980964183807
368,0.0027706771030277014,0.0027158835850656033,10.0,2340.9245431423187
369,0.002739694376513362,0.0027256061650812627,10.0,2347.1604990959167
370,0.0027509554228186605,0.002717567805200815,10.0,2353.2592339515686
371,0.002764564272016287,0.002811655329167843,10.0,2359.301316022873
372,0.0027389912550896405,0.0027360131692141295,10.0,2365.3450167179108
373,0.002752817559093237,0.002721027434617281,10.0,2371.388863801956
374,0.0027387856021523476,0.0027446216396987437,10.0,2377.4823286533356
375,0.0027423290115594864,0.002764886247366667,10.0,2383.6093707084656
376,0.0027522375149279833,0.0027269048903137446,10.0,2389.684679746628
377,0.002733393196687102,0.002742950800433755,10.0,2395.888189315796
378,0.002742294214516878,0.0027842092774808406,10.0,2401.921576499939
379,0.002757188951894641,0.002709333996474743,10.0,2407.9692900180817
380,0.0027334701326489448,0.0027072681523859503,10.0,2414.062667608261
381,0.002744244396984577,0.0027254245840013028,10.0,2420.2040922641754
382,0.0027299022871255874,0.002712996290996671,10.0,2426.147690296173
383,0.0027391403251886366,0.0027959014751017092,10.0,2432.1797573566437
384,0.002741082916110754,0.002710739540681243,10.0,2438.367575645447
385,0.0027340702015906573,0.0027638813499361275,10.0,2444.4862089157104
386,0.0027281125632673503,0.002758039465546608,10.0,2450.5891819000244
387,0.0027366502644866706,0.0027705844815820455,10.0,2456.621969461441
388,0.0027364305816590787,0.0027182165034115315,10.0,2462.7608077526093
389,0.002734827298298478,0.002702292799577117,10.0,2468.7699825763702
390,0.002724261854737997,0.002709353253990412,10.0,2474.7650775909424
391,0.0027317983639240265,0.002703359963744879,10.0,2480.8183405399323
392,0.0027310112672299146,0.002705964921042323,10.0,2486.968828678131
393,0.0027086775011569263,0.0027805227980017663,10.0,2493.112444162369
394,0.002731084823459387,0.0026822285056114195,10.0,2499.1491436958313
395,0.0027254066571593284,0.0027189442358911036,10.0,2505.167605161667
396,0.0027093521365523336,0.0026798686396330594,10.0,2511.2266108989716
397,0.0027271353774517776,0.0026920818358659743,10.0,2517.314771413803
398,0.002720349468514323,0.002670401420071721,10.0,2523.383530855179
399,0.0027131294171512128,0.002689677845314145,10.0,2529.4900362491608
400,0.002729642601162195,0.002675954208523035,10.0,2535.649246931076
401,0.00271172462515533,0.0026819365061819555,10.0,2541.788982629776
402,0.0026936397859454154,0.002736189127340913,10.0,2547.904006242752
403,0.002716554753035307,0.0027782286729663612,10.0,2554.0787534713745
404,0.0027143388770520687,0.002734696899726987,10.0,2560.177372932434
405,0.0027099281227588655,0.0026656155675649643,10.0,2566.180543422699
406,0.0026977201823145153,0.0026929566010832785,10.0,2572.3084144592285
407,0.002713537757098675,0.002780205753073096,10.0,2578.5021920204163
408,0.0027064641815423966,0.0027839502170681953,10.0,2584.589599132538
409,0.002704697636291385,0.0026650032956153156,10.0,2590.5837025642395
410,0.002692709470167756,0.0027240139074623587,10.0,2596.6599731445312
411,0.0026897063053399326,0.002720349694788456,10.0,2602.782778978348
412,0.0027110552954673767,0.0027211901884526012,10.0,2608.848689556122
413,0.0026984269548952578,0.0027289439883083104,10.0,2614.9234702587128
414,0.0026925422613322736,0.0026633487783372404,10.0,2621.0776467323303
415,0.00269528895072639,0.0026612558513879774,10.0,2627.282399892807
416,0.002687289925813675,0.0027306337416172026,10.0,2633.4193091392517
417,0.00269378014549613,0.0026677904728800057,10.0,2639.3734629154205
418,0.002692063016667962,0.0026727094411849975,10.0,2645.4121289253235
419,0.0026914561246335505,0.002670880914106965,10.0,2651.483776330948
420,0.0026827201786637305,0.0026972984824329615,10.0,2657.5338866710663
421,0.0026947271838784217,0.0026558582574129105,10.0,2663.667772769928
422,0.0026952188817411663,0.002672489056736231,10.0,2669.8277225494385
423,0.002688440298512578,0.002746176980808377,10.0,2675.5269663333893
424,0.002679503361955285,0.002670875493809581,10.0,2681.2114837169647
425,0.002673431722521782,0.0027449651062488555,10.0,2687.374168395996
426,0.0026918423242121934,0.0026668775394558908,10.0,2693.53280043602
427,0.002673502487465739,0.0026645016483962535,10.0,2699.668214082718
428,0.0026893970199674366,0.002638434436917305,10.0,2705.762474298477
429,0.0026821034118533135,0.0026430230669677256,10.0,2711.4734256267548
430,0.0026847073882073163,0.0026451336085796355,10.0,2716.733739376068
431,0.0026769620925188066,0.0026753102000802755,10.0,2722.004560470581
432,0.0026876010624319316,0.0026381386436522005,10.0,2727.991813182831
433,0.0026749991302937267,0.002634526275843382,10.0,2734.0588319301605
434,0.002667608307078481,0.002643033263832331,10.0,2740.133172273636
435,0.002671632273495197,0.0026707923498004676,10.0,2746.0838918685913
436,0.0026668244029581546,0.0026916632533073425,10.0,2752.1110603809357
437,0.002669376021921635,0.00266720317825675,10.0,2757.4319200515747
438,0.002671999740973115,0.0026756401389837264,10.0,2762.6171753406525
439,0.0026655423580110075,0.002736926729232073,10.0,2767.852511882782
440,0.002673704836219549,0.0026660886086523534,10.0,2773.7850527763367
441,0.0026692000323534013,0.002619585320353508,10.0,2779.849672794342
442,0.00266697169162333,0.0026498659651726483,10.0,2786.0005979537964
443,0.0026657734643667935,0.0026487445779144764,10.0,2792.118640422821
444,0.0026578253094106915,0.0026396587036550045,10.0,2797.7017064094543
445,0.0026713274350762366,0.002637736672535539,10.0,2803.0092182159424
446,0.0026566972681879996,0.0026816219121217726,10.0,2808.3983964920044
447,0.0026636352361738684,0.00272471232265234,10.0,2814.401572227478
448,0.0026818873795121908,0.0026204726316034796,10.0,2820.4801194667816
449,0.0026476123666018246,0.0026528237976133824,10.0,2826.52796125412
450,0.002670857088640332,0.0026890125669538976,10.0,2831.8225355148315
451,0.002654030055999756,0.0026397961847484113,10.0,2837.0086736679077
452,0.0026516189359128473,0.002668368846550584,10.0,2843.0114579200745
453,0.002651815811097622,0.0026563391804695128,10.0,2849.154915332794
454,0.0026654232250899077,0.002619034652784467,10.0,2855.3213443756104
455,0.0026483680564910175,0.0026902309775352477,10.0,2861.080889225006
456,0.0026554223154485225,0.0026029495902359485,10.0,2866.247941017151
457,0.002665407841950655,0.0026272454351186753,10.0,2871.7770323753357
458,0.002653064635694027,0.00268549391888082,10.0,2877.912546157837
459,0.0026567044024169446,0.0026387637943029404,10.0,2884.097928762436
460,0.0026594712679088115,0.002623018453270197,10.0,2890.2873685359955
461,0.002649495146423578,0.0027136075139045715,10.0,2895.879549264908
462,0.0026460073404759167,0.0026768555734306572,10.0,2900.9778583049774
463,0.002647411403208971,0.0027343428798019885,10.0,2906.214676618576
464,0.0026372589457780123,0.0028197286155074836,10.0,2912.2290937900543
465,0.002669952448680997,0.0026531662445515394,10.0,2918.314798593521
466,0.0026398169001191855,0.002635142503678799,10.0,2924.4142298698425
467,0.0026337421412020922,0.0026246545501053334,10.0,2930.4412729740143
468,0.0026408570089191197,0.0026634150099009274,10.0,2935.9322867393494
469,0.002651575066074729,0.0027575288288295267,10.0,2941.076402902603
470,0.0026444535227119923,0.0025970734655857085,10.0,2946.1361000537872
471,0.0026440128140896558,0.002703102878853679,10.0,2951.909895181656
472,0.0026431763183325527,0.00260796833075583,10.0,2957.956119298935
473,0.0026410151604562998,0.00259907147064805,10.0,2964.031678199768
474,0.0026420399075746536,0.002614520010352135,10.0,2970.1864218711853
475,0.00263715778388083,0.0026208844371140004,10.0,2975.558104276657
476,0.0026400872169435024,0.002608951039239764,10.0,2980.5209329128265
477,0.00263031567491591,0.0026208721987903117,10.0,2986.2869260311127
478,0.0026380943851917983,0.0026055736150592565,10.0,2992.2977027893066
479,0.002636583397984505,0.0026736466571688653,10.0,2998.321371793747
480,0.0026292695163190366,0.002646967999264598,10.0,3004.1027941703796
481,0.0026335157167166473,0.0026492274902760985,10.0,3009.191339969635
482,0.0026302173192054032,0.0026563011713325976,10.0,3014.1562936306
483,0.002644149859920144,0.0026384184405207635,10.0,3019.760009765625
484,0.0026231289856135844,0.0026523037903010845,10.0,3025.8194115161896
485,0.002634086140245199,0.0025889607444405556,10.0,3031.952733516693
486,0.0026347834479808806,0.0025932475358247755,10.0,3038.101854324341
487,0.0026287505289167164,0.002743414617702365,10.0,3043.851418018341
488,0.0026330394385755064,0.002641219474002719,10.0,3048.9251596927643
489,0.002630454002097249,0.0026969396498054267,10.0,3054.109444618225
490,0.002633789500296116,0.0025915143474936485,10.0,3060.065302848816
491,0.0026217573273926973,0.0027251704148948193,10.0,3066.335317850113
492,0.002634135797843337,0.002755518152564764,10.0,3072.4016370773315
493,0.0026362943872064353,0.0026385049186646936,10.0,3077.8886938095093
494,0.0026184588734060525,0.0025959150619804857,10.0,3083.3692824840546
495,0.0026238513933122157,0.002591715091839433,10.0,3088.8568868637085
496,0.002621001634225249,0.002650632421672344,10.0,3094.5605590343475
497,0.0026188760644942524,0.0026034450098872185,10.0,3100.0916538238525
498,0.002633801329508424,0.0026380646251142024,10.0,3105.7540192604065
499,0.002620937082245946,0.00272828866019845,10.0,3111.789260864258
500,0.0026233107913285494,0.0026021650761365893,10.0,3117.866730451584
501,0.002618578865453601,0.002693842872232199,10.0,3123.179696559906
502,0.002614451211616397,0.0026061124555766583,10.0,3128.6659758090973
503,0.002629366950541735,0.0026084342904388906,10.0,3133.9470620155334
504,0.0026238149959594012,0.0026062931433320047,10.0,3139.303896665573
505,0.002626546309515834,0.0026800085809081794,10.0,3145.262316942215
506,0.0026280443228036167,0.0026337843641638754,10.0,3151.4572610855103
507,0.0026138281013071535,0.0026451768293976785,10.0,3157.5161261558533
508,0.0026208713594824077,0.0026144883096218107,10.0,3163.0544917583466
509,0.002606281674206257,0.0026113785549998283,10.0,3168.0832166671753
510,0.002620918714404106,0.002599498627707362,10.0,3173.089763879776
511,0.002612674163579941,0.0027031468987464904,10.0,3178.6220195293427
512,0.00263206964597106,0.0025806253388524054,10.0,3184.711650133133
513,0.002615092162117362,0.002620500110834837,10.0,3190.9335079193115
514,0.0026026645850390196,0.0025908017724752424,10.0,3196.996693134308
515,0.0026192541996389626,0.00259839024618268,10.0,3202.551412820816
516,0.0026104039347171785,0.002581680964678526,10.0,3207.6441066265106
517,0.0026136907362937925,0.0025818750344216825,10.0,3213.496891975403
518,0.0026134514387696982,0.0026127212416380643,10.0,3219.4118990898132
519,0.0026287650038301943,0.0026202781349420547,10.0,3224.6362347602844
520,0.002599143399596214,0.0025680721569806336,10.0,3229.935868024826
521,0.002618111371472478,0.0025933367855846884,10.0,3236.1092052459717
522,0.002606022437736392,0.002572602911666036,10.0,3242.20276761055
523,0.0026085533843189478,0.0026016008839011193,10.0,3248.310657978058
524,0.002613258726298809,0.002614738345146179,10.0,3253.6042926311493
525,0.0026019616372138263,0.002650128387287259,10.0,3258.9335770606995
526,0.002609307590201497,0.002579066980630159,10.0,3264.121090888977
527,0.0026087594448029995,0.0026335413351655005,10.0,3269.946263551712
528,0.002618127924054861,0.002610675897449255,10.0,3276.055879354477
529,0.0026068051627278327,0.002655462997406721,10.0,3282.2502706050873
530,0.002599471141770482,0.0025877349242568017,10.0,3287.899067401886
531,0.002596314166262746,0.0025939546696841717,10.0,3293.0678532123566
532,0.002615775826126337,0.002602256419509649,10.0,3298.194423675537
533,0.0026014620349556206,0.0025787072159349916,10.0,3303.88840174675
534,0.0025917985658347607,0.0026090280309319495,10.0,3309.9268386363983
535,0.0026018160820007324,0.0026001609198749065,10.0,3315.961498737335
536,0.0026032476646453144,0.00257900819927454,10.0,3322.091065645218
537,0.0026002411587536336,0.0025728846721351146,10.0,3327.1611518859863
538,0.002612314135506749,0.00258548169657588,10.0,3331.9711117744446
539,0.0025867617205530403,0.002604578964412212,10.0,3337.4783177375793
540,0.002614831673428416,0.0025899911656975744,10.0,3343.554358959198
541,0.002595862037986517,0.002630098630487919,10.0,3349.682771921158
542,0.0026004260600358247,0.002645668489485979,10.0,3355.782472848892
543,0.0025935380329191685,0.002596890679001808,10.0,3361.310120820999
544,0.002589748100861907,0.002577577304840088,10.0,3366.589238166809
545,0.002614734706133604,0.002609641519188881,10.0,3371.751627445221
546,0.002588655672296882,0.0026004884988069534,10.0,3377.1178438663483
547,0.002594230146706104,0.002593702234327793,10.0,3383.2340438365936
548,0.0025906528586894274,0.002604096110165119,10.0,3389.35130238533
549,0.0025991397282481192,0.0025919339813292026,10.0,3395.3491356372833
550,0.0025913151652365925,0.0025676228635013103,10.0,3401.407502412796
551,0.00259361784696579,0.0025760584499686955,10.0,3406.634983778
552,0.002607920297756791,0.002596392433345318,10.0,3411.611400604248
553,0.0025884884326905014,0.0025561686329543592,10.0,3416.9171516895294
554,0.002581091924011707,0.002584854505211115,10.0,3423.0216529369354
555,0.00259855036444962,0.0026380042105913163,10.0,3429.137917280197
556,0.0025915677224844693,0.0025992981135845184,10.0,3435.3035366535187
557,0.0025980878077447415,0.002568857681006193,10.0,3441.3314793109894
558,0.002592480178028345,0.002619233049452305,10.0,3446.595185279846
559,0.002584681493714452,0.0025645115233957766,10.0,3451.736059188843
560,0.002586127004250884,0.0026207481577992437,10.0,3456.840879917145
561,0.0025829683674871923,0.002588615369796753,10.0,3462.594475030899
562,0.0025987475293129682,0.0025755272135138513,10.0,3468.635964155197
563,0.002585823518186808,0.0025384152345359324,10.0,3474.6501541137695
564,0.0025821543414890767,0.002612111037969589,10.0,3480.689837217331
565,0.002577947368323803,0.002640875168144703,10.0,3486.75848031044
566,0.002589760315641761,0.002597027549520135,10.0,3491.8507962226868
567,0.0025864994251728057,0.0026226765006780624,10.0,3497.0486459732056
568,0.0025899508380144835,0.0025963637631386516,10.0,3502.320779323578
569,0.0025878110417723657,0.0025452164955437184,10.0,3508.258443593979
570,0.0025867114968597888,0.002597572825849056,10.0,3514.354854822159
571,0.002585711768493056,0.002599724655598402,10.0,3520.3801028728485
572,0.0025801835418492554,0.0026094484854489565,10.0,3526.4972398281097
573,0.002576264828890562,0.0025618446312844754,10.0,3531.9295217990875
574,0.0025798987348377707,0.0026399323180317878,10.0,3537.0853188037872
575,0.0025899176923185586,0.0025920269839465617,10.0,3542.143488407135
576,0.0025733092293143273,0.0025852023854851724,10.0,3547.8557512760162
577,0.002587368209436536,0.0026171251125633715,10.0,3553.94309926033
578,0.002585795958638191,0.00257255531847477,10.0,3560.0147845745087
579,0.002576978253573179,0.002570753035694361,10.0,3566.093992948532
580,0.00258226894646883,0.0025941252395510674,10.0,3571.6293501853943
581,0.0025697503899037837,0.0025463267982006074,10.0,3576.8146090507507
582,0.0025673237120360137,0.002539601817727089,10.0,3582.1008191108704
583,0.0025870260255783798,0.0025439628195017576,10.0,3588.0115332603455
584,0.0025682674422115087,0.002530960265919566,10.0,3594.110143184662
585,0.002585984953045845,0.002608125477284193,10.0,3600.197665452957
586,0.002566321191340685,0.0025853314343839886,10.0,3606.219404220581
587,0.002584683435484767,0.002600144073367119,10.0,3611.2436134815216
588,0.002582665370181203,0.0025459455095231532,10.0,3616.324964761734
589,0.0025680678026378154,0.0025474186383187773,10.0,3621.700752019882
590,0.0025802984997630118,0.0025485949389636516,10.0,3627.7489018440247
591,0.002577354116588831,0.0025646882604807614,10.0,3633.8577687740326
592,0.0025457760813832283,0.0026367878943681718,10.0,3639.876431941986
593,0.0025837255840748547,0.0025418781232088806,10.0,3645.2532320022583
594,0.002563012599721551,0.002549729773029685,10.0,3650.905248641968
595,0.0025854624230414627,0.0025750450976192952,10.0,3656.3681540489197
596,0.0025738819545507432,0.0025758292112499476,10.0,3661.4423110485077
597,0.002548741265758872,0.0025290986716747284,10.0,3667.026378393173
598,0.002590694626420736,0.0025294795610010623,10.0,3673.0633590221405
599,0.0025589638574421408,0.0026181264199316504,10.0,3679.074256658554
600,0.0025644104395061732,0.0026109722159802914,10.0,3685.0912115573883
601,0.002581737605109811,0.002597094266861677,10.0,3690.891032218933
602,0.002565505181401968,0.00259596046730876,10.0,3695.9371597766876
603,0.002567291100397706,0.0025807819344103337,10.0,3701.00945019722
604,0.0025768715860694648,0.0025490335796028375,10.0,3706.4096972942352
605,0.002556133047491312,0.002649802488833666,10.0,3712.578268766403
606,0.002569281922727823,0.0025609952613711356,10.0,3718.7244696617126
607,0.0025692769099771974,0.0026093205988407136,10.0,3724.8335869312286
608,0.00255660147190094,0.0025290809355676173,10.0,3730.1516120433807
609,0.0025806976138800382,0.002554880303144455,10.0,3735.277572154999
610,0.0025633913914114236,0.0026566714614629744,10.0,3741.082707643509
611,0.002556639636307955,0.002574122313410044,10.0,3746.4328937530518
612,0.0025600197903066875,0.0025345954559743405,10.0,3752.4620685577393
613,0.0025668105307221412,0.0025482143219560387,10.0,3758.496757745743
614,0.0025603846361488105,0.0025362068086862565,10.0,3764.5996282100677
615,0.0025588184198737144,0.00256178128272295,10.0,3769.6557507514954
616,0.0025647687005996705,0.0025743828784674408,10.0,3774.9391083717346
617,0.002562696855738759,0.0025810042664408685,10.0,3780.2276923656464
618,0.0025575348611176015,0.0025450764983892442,10.0,3786.2620408535004
619,0.0025626200590282678,0.0025903501100838183,10.0,3792.394362449646
620,0.002564315700829029,0.0025253991611301897,10.0,3798.5962657928467
621,0.00255191606760025,0.0026183196865022184,10.0,3804.110525369644
622,0.002566481545493007,0.0025297247253358362,10.0,3809.233139514923
623,0.0025559742180258035,0.0025736787520349025,10.0,3814.397257089615
624,0.0025659322311729193,0.002548844858258963,10.0,3820.3568620681763
625,0.002548047500476241,0.0025378500893712044,10.0,3826.460441350937
626,0.002566418112590909,0.0025705294486135246,10.0,3832.537360906601
627,0.002552058519050479,0.0025402102712541817,10.0,3838.126556158066
628,0.0025484894706308842,0.0025173717979341745,10.0,3843.264617919922
629,0.0025640423739701507,0.0025609759502112864,10.0,3848.5144555568695
630,0.00255863173879683,0.002556993378698826,10.0,3854.4268424510956
631,0.002543295163139701,0.0025187105759978293,10.0,3860.533532142639
632,0.0025706525487452746,0.0025951524179428816,10.0,3866.6296429634094
633,0.002553765063211322,0.002541746586561203,10.0,3872.328330039978
634,0.0025515927375853063,0.0025587661877274513,10.0,3877.3555715084076
635,0.002556643268465996,0.0025423112340271473,10.0,3882.461587667465
636,0.002561311131939292,0.0025277316614985466,10.0,3887.557928085327
637,0.002536369092166424,0.002538481979444623,10.0,3893.4818975925446
638,0.0025614606915414333,0.002537490236014128,10.0,3899.650407075882
639,0.0025636835238337517,0.002572638026252389,10.0,3905.71959233284
640,0.0025505860552191735,0.00252779373973608,10.0,3911.75448513031
641,0.002535116266608238,0.0025353315383195877,10.0,3916.9727926254272
642,0.0025547393646091223,0.00255437542013824,10.0,3921.978949069977
643,0.00254718727953732,0.002545259066671133,10.0,3927.2459948062897
644,0.0025477683466672897,0.0025362124878913163,10.0,3933.2405200004578
645,0.002550775071531534,0.002576238851249218,10.0,3939.3707616329193
646,0.0025556326846033336,0.0026284102380275728,10.0,3945.3223814964294
647,0.002550322279706597,0.0025446734599769115,10.0,3950.4610755443573
648,0.0025392288940399885,0.0025477044805884363,10.0,3955.594105243683
649,0.0025524839877337216,0.0025324682407081127,10.0,3960.9176959991455
650,0.0025504584902524947,0.002604521742463112,10.0,3967.031383037567
651,0.0025405084558576345,0.0025528944611549376,10.0,3973.032589197159
652,0.0025498604290932416,0.0025416147507727146,10.0,3979.086401462555
653,0.0025344859161973,0.002526114769279957,10.0,3984.5524179935455
654,0.0025599180889874697,0.0025740651424974205,10.0,3989.617924451828
655,0.0025439153926074503,0.002569029662385583,10.0,3994.850492477417
656,0.002555098054409027,0.0025444901153445242,10.0,4000.5956633090973
657,0.0025466254232823847,0.0025405645824968814,10.0,4006.6599612236023
658,0.0025351980409771204,0.0025570768870413303,10.0,4012.8474204540253
659,0.0025494678073376418,0.0025408901777118444,10.0,4018.513288259506
660,0.002546132173463702,0.0025160671889781954,10.0,4024.0314202308655
661,0.002542350415661931,0.0025618912797421216,10.0,4029.5064294338226
662,0.0025565777994692326,0.002539611525088549,10.0,4034.7779812812805
663,0.0025350715851038693,0.0025263894572854044,10.0,4040.4217410087585
664,0.0025351472728699447,0.002541235935688019,10.0,4047.024823665619
665,0.0025510385017096997,0.0026203570954501628,10.0,4053.1772854328156
666,0.0025413989587128164,0.0025393469069153072,10.0,4058.42618227005
667,0.002542379128560424,0.002504589783400297,10.0,4063.7339792251587
668,0.0025446176613122223,0.0025855684753507374,10.0,4069.6242060661316
669,0.002538593156039715,0.002533907176926732,10.0,4075.6787507534027
670,0.002538689022436738,0.0024981661580502986,10.0,4081.5057911872864
671,0.002537477526888251,0.0025464143771678207,10.0,4086.7627215385437
672,0.0025440671507269146,0.00254410433024168,10.0,4092.2581584453583
673,0.002530223448872566,0.0025377789080142975,10.0,4097.565703630447
674,0.00253960511110723,0.0024980430610477924,10.0,4103.449269533157
675,0.0025461314848810434,0.0025250969268381597,10.0,4109.482535839081
676,0.0025279155994951726,0.0025484909530729054,10.0,4115.2855677604675
677,0.002549747363626957,0.002525641195476055,10.0,4120.355950593948
678,0.002534463989511132,0.0025358540654182435,10.0,4125.532318353653
679,0.0025418950912356377,0.002530425225198269,10.0,4131.4578239917755
680,0.0025353556240350007,0.0025125794392079114,10.0,4137.626478672028
681,0.00253768088683486,0.002512999180331826,10.0,4143.863911867142
682,0.0025272117921710012,0.0025483301378786565,10.0,4149.267860174179
683,0.0025430100110173225,0.0025533301439136266,10.0,4154.558908939362
684,0.0025346433279663325,0.0025771010506898165,10.0,4159.81639289856
685,0.0025384840716421602,0.0025236438009887934,10.0,4165.56382727623
686,0.0025215573256462814,0.00255543946698308,10.0,4171.6887130737305
687,0.0025339605543762446,0.002506381206214428,10.0,4177.935893535614
688,0.0025255537720024587,0.002517772977426648,10.0,4184.069326639175
689,0.0025393269442021845,0.002555506332963705,10.0,4189.743257045746
690,0.002534852936267853,0.0025233311854302885,10.0,4194.670023679733
691,0.0025341842789947987,0.0025147812977433207,10.0,4199.860588312149
692,0.0025349413239210846,0.0025154445108026267,10.0,4205.706347465515
693,0.0025277113576978446,0.002495710806548595,10.0,4211.796710968018
694,0.0025297948025912046,0.0025368025444447995,10.0,4217.929239988327
695,0.0025487979836016895,0.002512432749941945,10.0,4223.838358402252
696,0.0025261134061962368,0.0025197092592716217,10.0,4228.924897909164
697,0.002531538233458996,0.002501437518000603,10.0,4234.03787112236
698,0.0025285270453989507,0.0025288251206278803,10.0,4239.318448543549
699,0.002533509897738695,0.0024927086129784585,10.0,4245.27839922905
700,0.002533593737781048,0.002525145349279046,10.0,4251.411071777344
701,0.0025173137277364733,0.0026393510408699514,10.0,4257.546201705933
702,0.002534476186782122,0.002547314692661166,10.0,4263.574590206146
703,0.0025269913533329962,0.0025399739000946282,10.0,4268.663231372833
704,0.0025383562879264356,0.0025578305080533026,10.0,4273.6986203193665
705,0.0025319593389332294,0.0025279461074620485,10.0,4279.044832468033
706,0.002531789684817195,0.0025106711253523825,10.0,4285.069606781006
707,0.002521135304123163,0.002502867439761758,10.0,4291.2055678367615
708,0.002517168673425913,0.0024952790580689906,10.0,4297.304762363434
709,0.0025253942392766474,0.002545569374412298,10.0,4302.61748623848
710,0.002537096926420927,0.0025218458600342274,10.0,4307.708514928818
711,0.002526178535446525,0.002501065657287836,10.0,4312.83753323555
712,0.002518573266416788,0.00253792340233922,10.0,4318.5087831020355
713,0.002526536739245057,0.002526334574446082,10.0,4324.621621370316
714,0.0025290526732802392,0.0025055524446070195,10.0,4330.676638126373
715,0.002531447830349207,0.0025505717791616915,10.0,4336.801120042801
716,0.0025142620167136194,0.0024842498905956745,10.0,4342.862958192825
717,0.0025254109922796487,0.0025453808136284353,10.0,4348.148688554764
718,0.002515795179978013,0.0026005991674959658,10.0,4353.284719705582
719,0.0025285178023576734,0.002492475038394332,10.0,4358.39581489563
720,0.00252862926915288,0.002527019001543522,10.0,4364.073135614395
721,0.0025309293711930515,0.002511958272010088,10.0,4370.138050079346
722,0.0025217393799126147,0.0025337938293814657,10.0,4376.251719713211
723,0.0025254402554780245,0.0024979079108685253,10.0,4382.083965539932
724,0.002516130730509758,0.0025125766556710004,10.0,4387.393290519714
725,0.002522441983371973,0.00247831252142787,10.0,4392.507373094559
726,0.002513531440123916,0.0024923156272619964,10.0,4397.89271235466
727,0.0025212854907661676,0.002536708167940378,10.0,4403.92550444603
728,0.0025087727315723897,0.0025277452282607554,10.0,4409.94779753685
729,0.002538112813010812,0.0025107716623693705,10.0,4416.078492879868
730,0.0025108858653903007,0.002516370498389006,10.0,4421.633062839508
731,0.0025233678164333106,0.002486062193289399,10.0,4426.672757387161
732,0.002510578399375081,0.0025232812575995923,10.0,4431.725480794907
733,0.002521665560826659,0.0024996824990957977,10.0,4437.286598443985
734,0.002519090109616518,0.002470376444607973,10.0,4443.474786043167
735,0.0025229746459424496,0.0025282019436359405,10.0,4449.475962638855
736,0.0025179733745008706,0.0025643356833606958,10.0,4455.170375823975
737,0.0025167818964272736,0.0026426627576351166,10.0,4460.258057594299
738,0.0025277965527027847,0.002492251869291067,10.0,4465.315470457077
739,0.0025070367075502873,0.0024942679718136787,10.0,4470.796253442764
740,0.0025251149429380893,0.002534772926568985,10.0,4476.802116394043
741,0.0025091841530799864,0.0024951770823448895,10.0,4483.040664434433
742,0.0025122353422641756,0.002549563580006361,10.0,4489.160861492157
743,0.0025077622685581447,0.0025168808549642565,10.0,4494.670787572861
744,0.0025149693846702576,0.002531579554453492,10.0,4499.740046977997
745,0.0025155190539360044,0.002494421936571598,10.0,4504.908795833588
746,0.0025120326214283705,0.002495633076131344,10.0,4510.1215970516205
747,0.0025136305978894235,0.002522937296330929,10.0,4516.060970067978
748,0.0025047002416849137,0.0025828202269971372,10.0,4522.256857633591
749,0.0025216905099153517,0.0025144752599298953,10.0,4528.475715637207
750,0.0025114404099434613,0.002555669256299734,10.0,4534.193862199783
751,0.0025112924353033303,0.0024934650883078574,10.0,4539.163862228394
752,0.002526767708286643,0.002509365203976631,10.0,4544.2834730148315
753,0.0025061477259546517,0.002519654405117035,10.0,4549.670033931732
754,0.002515118719264865,0.0024814618416130543,10.0,4555.67178106308
755,0.0025062047842890024,0.00253075686134398,10.0,4561.7343010902405
756,0.002500983685404062,0.002548595230281353,10.0,4567.835353851318
757,0.0025150898794829846,0.002527910292893648,10.0,4573.441925048828
758,0.002512416547462344,0.0025389018036425116,10.0,4578.445504903793
759,0.002508565549552441,0.0025250502694398164,10.0,4583.433758497238
760,0.0025218061143904924,0.0024794883411377667,10.0,4588.899117708206
761,0.002493788124099374,0.0024938157748430967,10.0,4594.903563976288
762,0.0025108487180620434,0.002487458477169275,10.0,4600.999413013458
763,0.00250490862429142,0.002503139417245984,10.0,4607.11646437645
764,0.0025100963884592056,0.002485206729918718,10.0,4612.372608184814
765,0.0025024422811716794,0.00253259071521461,10.0,4617.540135383606
766,0.002516865542009473,0.002510880569368601,10.0,4622.708836078644
767,0.002503687686920166,0.0025211455438286065,10.0,4628.374809741974
768,0.002508115999549627,0.002513096506148577,10.0,4634.569161653519
769,0.0025003038269281385,0.0025319764107465744,10.0,4640.697501182556
770,0.002516093223169446,0.0025018932804465295,10.0,4646.78061580658
771,0.0025125541047751904,0.0024971677646040916,10.0,4652.057079315186
772,0.0024952125848084687,0.0024720592334866523,10.0,4657.261113882065
773,0.002505285685956478,0.002554541959613562,10.0,4662.290427684784
774,0.002510761262476444,0.002503778399154544,10.0,4667.994434118271
775,0.002497352356687188,0.002490752049535513,10.0,4674.107587337494
776,0.0025083185805380346,0.0025574996311217547,10.0,4680.139579534531
777,0.0025032671122998,0.002483518271520734,10.0,4685.641753911972
778,0.0025043454883247615,0.0026205829318612815,10.0,4690.973783969879
779,0.0025105571414530277,0.002480627293884754,10.0,4696.244055509567
780,0.0024950931579619646,0.002495682457834482,10.0,4701.995343208313
781,0.002514174785912037,0.002475482127442956,10.0,4708.2869391441345
782,0.0025075613209605218,0.0024837707720696926,10.0,4714.718272924423
783,0.0025001116623729466,0.0024981929279863833,10.0,4719.976215362549
784,0.002498849010169506,0.0025074951827526093,10.0,4725.108654499054
785,0.0025069116548448803,0.0025013559971004723,10.0,4730.213819026947
786,0.002496903208419681,0.0025590640354901553,10.0,4736.013176679611
787,0.0025119939912855624,0.002541128271818161,10.0,4742.25436091423
788,0.002506706920042634,0.0025238970838487146,10.0,4748.421940803528
789,0.0024966696414351463,0.002496640406176448,10.0,4754.502293586731
790,0.0025054890401661396,0.0025256320383399726,10.0,4760.099659919739
791,0.0024909530458599328,0.002480653214454651,10.0,4765.162452220917
792,0.0024986149979382755,0.0024893601924180983,10.0,4770.659595012665
793,0.002502596841901541,0.00247728256136179,10.0,4776.9256908893585
794,0.002503664111420512,0.0025262199316173793,10.0,4783.32839179039
795,0.0024950098375976087,0.0025067422546446324,10.0,4788.987115621567
796,0.00249185769289732,0.0024738760124891996,10.0,4794.108769416809
797,0.0025023955944180488,0.0025027943581342697,10.0,4799.604600429535
798,0.0025015346159785986,0.0025104172963649036,10.0,4805.648692369461
799,0.002494902010187507,0.0025058748103678227,10.0,4811.634702682495
800,0.0025002552039176226,0.0024778040178120137,10.0,4817.107351064682
801,0.0025028419671207667,0.0025558515056967736,10.0,4822.194027662277
802,0.0024960141962766646,0.002467425250634551,10.0,4827.590831279755
803,0.0024948715656250716,0.00249147333689034,10.0,4833.681755781174
804,0.0024892481394857167,0.0025334530934691428,10.0,4839.818089008331
805,0.0025053977766633035,0.002486230515688658,10.0,4845.342465400696
806,0.0024876060506701467,0.0024780931815505027,10.0,4850.680484294891
807,0.0025035984393209218,0.002472690926492214,10.0,4856.597768545151
808,0.002484055687710643,0.002574018843472004,10.0,4861.7407467365265
809,0.002502435649484396,0.002543073084577918,10.0,4866.973831892014
810,0.0025001713640987874,0.0024852602884173395,10.0,4872.89911198616
811,0.0024931123028695584,0.002512342690676451,10.0,4879.144540786743
812,0.002491465152949095,0.002555168106406927,10.0,4885.326640367508
813,0.002497583044394851,0.0024794373355805873,10.0,4890.65413069725
814,0.0024945569123327733,0.002493694454431534,10.0,4896.01461482048
815,0.002496294292137027,0.002491120883822441,10.0,4902.732996225357
816,0.002489654785245657,0.0024659486189484597,10.0,4908.268754720688
817,0.0024960108932852746,0.0024830197297036646,10.0,4914.076460599899
818,0.0025000975178182125,0.002473956590890884,10.0,4920.743918180466
819,0.0024875172763317824,0.0024790085632354023,10.0,4927.116303920746
820,0.002499762094244361,0.0024647644869983196,10.0,4932.194142818451
821,0.0024854546476900576,0.0024813684649765493,10.0,4937.377175569534
822,0.0024912283783406017,0.002516174151748419,10.0,4942.98428606987
823,0.0024915809883922337,0.0025029141813516617,10.0,4949.834023952484
824,0.002489743793606758,0.002467950762808323,10.0,4955.89683175087
825,0.0024850107888132332,0.0025558858759701254,10.0,4962.33767914772
826,0.002503330944776535,0.002468461786210537,10.0,4967.809499740601
827,0.0024851515617966653,0.0024757987156510354,10.0,4972.879215955734
828,0.0024866112209111454,0.002486873984709382,10.0,4978.526070833206
829,0.0024890387012809516,0.0024588675756007433,10.0,4984.699651479721
830,0.002491486724317074,0.002546125825494528,10.0,4990.684045314789
831,0.0024960202153772116,0.0024559491515159606,10.0,4996.596873998642
832,0.0024863501238822938,0.0025347960975021125,10.0,5002.155754327774
833,0.002488531313315034,0.0025595061138272285,10.0,5007.143471479416
834,0.0024938500320911407,0.002508240035176277,10.0,5012.265618562698
835,0.0024957222827523945,0.00247421505972743,10.0,5017.922776937485
836,0.002477238576412201,0.0024730395033955572,10.0,5024.241767883301
837,0.002477991177663207,0.002461878340318799,10.0,5030.525803804398
838,0.002489838008210063,0.002524100337177515,10.0,5036.355179071426
839,0.00249084867939353,0.002519086553156376,10.0,5041.355917692184
840,0.0024891332425177096,0.002491542202234268,10.0,5046.496509552002
841,0.0024761904837936164,0.0024825493048876526,10.0,5052.0624532699585
842,0.002485770562365651,0.0024791481606662273,10.0,5058.214367389679
843,0.0024919250177592037,0.002465540314465761,10.0,5064.300174236298
844,0.0024803800538927318,0.0024443937711417676,10.0,5069.83304309845
845,0.0024765966583043335,0.0024842074893414974,10.0,5074.802873849869
846,0.002495229452624917,0.0024581146471202376,10.0,5080.073558092117
847,0.002501851434111595,0.0024788602903485298,10.0,5086.471851348877
848,0.0024823046508431435,0.002465929272770882,10.0,5092.478315591812
849,0.0024753364587575197,0.002526410270109773,10.0,5098.128288507462
850,0.002483982066586614,0.0024590790167450904,10.0,5103.088903665543
851,0.002489832237660885,0.002465915694087744,10.0,5108.468045711517
852,0.0024830556443333628,0.0024877382054924965,10.0,5114.686237573624
853,0.002483745693936944,0.002469307743757963,10.0,5121.106804847717
854,0.0024810070830583574,0.0025550611171871423,10.0,5127.352952241898
855,0.002481047556772828,0.0024826620157808064,10.0,5132.394628047943
856,0.0025021238194406032,0.002526559104025364,10.0,5137.415725708008
857,0.0024819797045737505,0.0024656273905187846,10.0,5142.968314886093
858,0.0024840662214159967,0.0025162672087550163,10.0,5148.922228336334
859,0.002480683902874589,0.002478395410627127,10.0,5154.83181142807
860,0.0024780382917076347,0.0024733096577227117,10.0,5160.9326775074005
861,0.00247843166179955,0.002466193623095751,10.0,5166.221600055695
862,0.002487147998586297,0.002538511780649424,10.0,5171.21084856987
863,0.0024742797281593083,0.002444922461360693,10.0,5176.421969652176
864,0.0024765669552236796,0.0025112305339425804,10.0,5182.17357468605
865,0.002479097619280219,0.002545300664007664,10.0,5188.1798985004425
866,0.002481413219347596,0.00249556774944067,10.0,5194.219513893127
867,0.002475862239971757,0.00246693956926465,10.0,5200.198894739151
868,0.0024821510776877405,0.002506407895311713,10.0,5205.300356864929
869,0.0024843073101341725,0.002460780945420265,10.0,5210.75403380394
870,0.002479257053360343,0.0025094220474362375,10.0,5215.965611934662
871,0.002480482109710574,0.0024981282237917183,10.0,5221.385689258575
872,0.002487478657960892,0.0024502234868705275,10.0,5227.349194765091
873,0.0024713149321079256,0.0024504990838468076,10.0,5233.354497671127
874,0.002485882913917303,0.002455466140806675,10.0,5239.322378158569
875,0.002475766684934497,0.002462874798849225,10.0,5244.1541793346405
876,0.0024740437711030243,0.0024828612715005875,10.0,5249.101337432861
877,0.00247057129688561,0.0024655258141458034,10.0,5254.172216653824
878,0.0024806759563833474,0.002471072677895427,10.0,5260.065889835358
879,0.0024830537560582163,0.0025501571416854858,10.0,5265.95932841301
880,0.0024728775418549776,0.0024664216205477715,10.0,5271.867347240448
881,0.0024863881400972606,0.00247472912222147,10.0,5277.745385885239
882,0.0024778450644761326,0.002474355547502637,10.0,5282.690395832062
883,0.0024662769000977276,0.00246542634293437,10.0,5287.519181251526
884,0.002474076180905104,0.002482310599088669,10.0,5292.947875022888
885,0.002468146911561489,0.002465212159603834,10.0,5298.98709321022
886,0.0024797671457380058,0.00244435778260231,10.0,5304.907395362854
887,0.002481858626678586,0.00246204794049263,10.0,5310.836939096451
888,0.0024717041874676945,0.002473158311843872,10.0,5315.842515230179
889,0.002465358446016908,0.0024468791365623473,10.0,5320.80838060379
890,0.002468541236743331,0.002473304634541273,10.0,5325.701348781586
891,0.0024846898317337036,0.002464589714258909,10.0,5331.172425985336
892,0.002470577883645892,0.002492618215829134,10.0,5337.170687675476
893,0.00247548606261611,0.002486580139771104,10.0,5343.271330833435
894,0.0024559951707720756,0.0024769471492618322,10.0,5348.457237958908
895,0.002482465498074889,0.002487682242691517,10.0,5353.7800414562225
896,0.002467050228714943,0.002448608646541834,10.0,5358.835388660431
897,0.002473231486529112,0.0024395199246704576,10.0,5364.488614797592
898,0.0024890406833589077,0.0024425289388746024,10.0,5370.509324550629
899,0.002474496114552021,0.0024956867434084416,10.0,5375.746163606644
900,0.0024714309775829314,0.0024626558423042296,10.0,5381.46653342247
901,0.0024698364604264496,0.0024972834780812264,10.0,5386.93897819519
902,0.002471994487568736,0.0025390333205461504,10.0,5391.848286151886
903,0.0024720051803439856,0.0024823009420186283,10.0,5397.314065217972
904,0.002464867407530546,0.002495668123289943,10.0,5403.256745815277
905,0.002463311710432172,0.0024809484258294105,10.0,5409.1325805187225
906,0.002480908422097564,0.0024990106925368307,10.0,5415.085511684418
907,0.0024607509852200746,0.0024533326588571072,10.0,5420.189596891403
908,0.0024696639980375766,0.002473683039844036,10.0,5425.24005317688
909,0.002465435013324022,0.002440534821525216,10.0,5430.265215396881
910,0.0024685739021003245,0.0024765842489898205,10.0,5435.823933362961
911,0.0024654368726164102,0.002464629156515002,10.0,5441.776253938675
912,0.0024682613255828617,0.002478659212961793,10.0,5452.343784093857
913,0.0024586409182846547,0.0024470577768981455,10.0,5457.2996118068695
914,0.002463320488035679,0.002482130281627178,10.0,5462.151129961014
915,0.0024843898244202136,0.0024958262607455255,10.0,5467.095263957977
916,0.0024663416731357576,0.0024430883150547743,10.0,5472.14274263382
917,0.0024730338210612536,0.002483804802596569,10.0,5476.871042728424
918,0.0024659861060231923,0.002516798673570156,10.0,5481.8724365234375
919,0.0024633638165146112,0.002452540680766106,10.0,5487.395429134369
920,0.002454925673753023,0.002444624599069357,10.0,5493.431526899338
921,0.0024663739651441573,0.002522097297012806,10.0,5500.038576841354
922,0.0024651894011348484,0.0024438170146197083,10.0,5505.987617969513
923,0.0024659949139505624,0.002505618514865637,10.0,5511.852689266205
924,0.002469710063934326,0.002558576491847634,10.0,5517.033065080643
925,0.002464639862254262,0.0025153847265988586,10.0,5522.252323150635
926,0.0024626913430541753,0.0024638265036046503,10.0,5528.26864027977
927,0.0024738216116279364,0.002469519830495119,10.0,5534.3107216358185
928,0.0024722496175020934,0.002523380210250616,10.0,5540.371807575226
929,0.002451867323443294,0.002530349390953779,10.0,5546.029787302017
930,0.00247958035454154,0.0024546009752899407,10.0,5551.11200261116
931,0.0024567603224515916,0.002438065277785063,10.0,5556.534308671951
932,0.0024673601713776586,0.002435673948004842,10.0,5561.907286167145
933,0.002459626386985183,0.002462791519984603,10.0,5568.095050811768
934,0.0024538817029446363,0.0024620123200118542,10.0,5574.23744225502
935,0.002465252761915326,0.002462933788448572,10.0,5580.419777393341
936,0.002464945928826928,0.002472015369683504,10.0,5585.564486980438
937,0.0024681339251995085,0.002473168022558093,10.0,5590.692867517471
938,0.0024716057778894902,0.00251276121288538,10.0,5596.018177986145
939,0.0024515224481374024,0.0024400764390826225,10.0,5602.455183029175
940,0.002458505066037178,0.00246230805888772,10.0,5609.088442802429
941,0.002458814168795943,0.0024983202144503594,10.0,5615.627675294876
942,0.00247708884626627,0.0024344540484249593,10.0,5621.597009181976
943,0.0024566773153841493,0.002429368034005165,10.0,5626.726987361908
944,0.0024664138854295016,0.0024583555053919555,10.0,5631.8688015937805
945,0.0024506658428162338,0.0024559381637722253,10.0,5637.464127540588
946,0.002459687886983156,0.0024317226395010948,10.0,5643.592195510864
947,0.0024707140041887762,0.0025692435670644047,10.0,5650.395305633545
948,0.002448685184940696,0.002428080477565527,10.0,5657.052878856659
949,0.002462022220417857,0.0025583981093019246,10.0,5663.7421617507935
950,0.0024641681074351073,0.00244659737162292,10.0,5669.4604704380035
951,0.0024585846278071402,0.0024804851081222296,10.0,5674.615470409393
952,0.0024528397285938264,0.002434815436601639,10.0,5681.086934328079
953,0.0024547906836122273,0.002466229620575905,10.0,5688.992198467255
954,0.0024548082794994116,0.002542873453348875,10.0,5695.628686904907
955,0.002459817080050707,0.00242209950350225,10.0,5700.912601470947
956,0.002451336852610111,0.0024822247639298438,10.0,5706.247670412064
957,0.0024604549473524096,0.0025035338133573533,10.0,5712.670506477356
958,0.0024523260124772787,0.002462690010666847,10.0,5719.155747413635
959,0.002460800757184625,0.0024540936071425676,10.0,5725.173696279526
960,0.0024570164502412083,0.002442178910970688,10.0,5730.272170543671
961,0.0024469586192816498,0.0024775265477597714,10.0,5736.334298372269
962,0.0024708839487284423,0.0024863587606698276,10.0,5742.498675107956
963,0.0024437367932498453,0.002501431141793728,10.0,5747.898756980896
964,0.0024700777453184127,0.002424559473246336,10.0,5753.0858500003815
965,0.00245026418581605,0.0024326326340436935,10.0,5758.336045265198
966,0.0025179355166852473,0.00251864095069468,10.0,5764.873793363571
967,0.0024548193980008363,0.0024566834416240454,10.0,5771.115597724915
968,0.0024453735091537238,0.002451841988414526,10.0,5776.375146389008
969,0.0024514944956451653,0.002472868948429823,10.0,5781.569918870926
970,0.0024566574250161647,0.0024876554481685163,10.0,5787.1720995903015
971,0.002438625577390194,0.002485402197763324,10.0,5793.394132614136
972,0.002454484104588628,0.0024921595506370068,10.0,5800.02245426178
973,0.002446075157597661,0.0024614134408533573,10.0,5805.9287803173065
974,0.0024605694870650768,0.002439380547404289,10.0,5811.387247800827
975,0.0024579215210676192,0.002469647430628538,10.0,5816.80269408226
976,0.0024513802072405814,0.0024894629329442978,10.0,5823.707497835159
977,0.0024561931003630163,0.0024351515393704177,10.0,5830.541060447693
978,0.002447709065452218,0.0025363219052553176,10.0,5836.823176145554
979,0.0024657220293581488,0.002427077829837799,10.0,5842.369019269943
980,0.002450477097705007,0.0024753478471189736,10.0,5847.76066660881
981,0.0024486908093839885,0.0024514510847628117,10.0,5852.569756746292
982,0.002450677703246474,0.0024639742489904167,10.0,5857.988623857498
983,0.0024470370726287364,0.002419351675361395,10.0,5864.154976844788
984,0.002446570490449667,0.002432424348965287,10.0,5870.592853546143
985,0.0024559031128138305,0.002412790957093239,10.0,5877.843771696091
986,0.0024537403769791127,0.002444136143475771,10.0,5883.489817380905
987,0.0024455227983742954,0.002480861720442772,10.0,5889.018231630325
988,0.0024446118537336586,0.002438453461229801,10.0,5894.612549781799
989,0.002463120178133249,0.0024303895335644485,10.0,5900.849723577499
990,0.00244587113507092,0.0024166073728352786,10.0,5907.402949810028
991,0.002448004401102662,0.0024252178378403187,10.0,5915.165331363678
992,0.002447839292064309,0.0024424981363117696,10.0,5923.045816898346
993,0.0024437827603518963,0.002433233643323183,10.0,5930.830617189407
994,0.0024545314828306438,0.0024216550562530755,10.0,5938.3982565402985
995,0.0024395002902299168,0.0025383721649646757,10.0,5945.779420375824
996,0.0024526422649621964,0.002417801270261407,10.0,5953.001048564911
997,0.002445514660552144,0.002432632888108492,10.0,5960.376395940781
998,0.0024458545045554637,0.0024497878335416317,10.0,5967.80814242363
999,0.0024443935898691414,0.0024389037393033504,10.0,5975.5381071567535
1000,0.002454018085449934,0.0024818958774209024,10.0,5982.905713796616
